{
  "minZoom": 18,
  "maxZoom": 22,
  "bounds": [
    121.32294558242126,
    24.997544578880664,
    121.32495694792235,
    24.99930641638292
  ],
  "source-layer": "polygons"
}